Unnamed: 0,hub_name,country,semaphore,needed_active,in_transit,delivered,remaining_active,lon,lat
0,Spain | Barcelona | Labdoo Hub Barcelona @LaSalle,Spain,open,18,1,4,13,2.177073,41.3825802
2,United States | San Jose | Labdoo Hub California (North),United States,open,55,1,41,13,-121.890591,37.3361663
3,United States | Irvine | Labdoo Hub California (South),United States,open,1134,15,576,543,-117.825981,33.6856969
6,Ireland | Galway | Labdoo Hub Galway,Ireland,open,0,0,0,0,-9.0490601,53.2744122
9,Australia | Brighton | Labdoo Hub Melbourne,Australia,open,32,3,48,0,-0.1400561,50.8214626
12,Italy | Rome | Labdoo Hub Rome,Italy,open,242,7,170,65,12.4829321,41.8933203
14,xx | @PlanetEarth | Grassroots,xx,open,1798,74,1757,0,0.0,0.0
16,Spain | Reus | Labdoo School Hub Reus - Institut Baix Camp,Spain,open,7,1,21,0,1.1076133,41.1555564
18,Spain | Vilafranca del Penedes | Labdoo Hub Vilafranca Centre - El Hub de la Gestoria,Spain,open,259,29,193,37,1.6995213,41.3463825
19,Spain | Vilafranca del Penedes | Labdoo School Hub Vilafranca - INS Eugeni d'ORS,Spain,open,31,7,52,0,1.6995213,41.3463825
21,"Mexico | México, D.F. | Labdoo Hub Mexico DF",Mexico,open,113,2,39,72,-99.1514678,19.3207722
22,Mexico | Tepoztlán | Labdoo Hub Tepoztlán,Mexico,open,0,0,1,0,-99.1025453,18.9914959
24,Germany | Dresden | Labdoo Annahmestelle 01309 Dresden (Hub),Germany,open,22,1,36,0,13.7381437,51.0493286
25,Spain | Manresa | Labdoo Hub Manresa,Spain,open,234,52,131,51,1.8286765,41.7288939
26,Spain | Berga | Labdoo Hub Berga,Spain,open,0,5,8,0,5.3259192,60.3943055
28,Albania | Vlora | Labdoo Hub Vlora,Albania,open,0,0,0,0,19.4912716,40.4707602
30,Romania | Bucharest | Labdoo Hub Bucharest,Romania,open,11,0,11,0,26.102684,44.4361414
31,Germany | Aalen | Labdoo Annahmestelle 73431 Aalen (Hub),Germany,open,0,1,16,0,10.0929593,48.8375607
33,Morocco | Casablanca | Labdoo Hub Casablanca,Morocco,open,173,21,74,78,-7.6200284,33.5945144
34,Austria | Kufstein | Labdoo Annahmestelle 6330 Kufstein: kubi - Kufstein Bibliothek für Wissenschaft & Freizeit,Austria,open,4,3,31,0,12.1692134,47.582996
36,Romania | Timisoara | Labdoo Hub Timisoara,Romania,open,0,0,0,0,21.2257474,45.7538355
39,Germany | Lichtenstein | Labdoo Annahmestelle 72805 Schwäbische Alb (Hub),Germany,open,384,0,332,52,9.2591169,48.4209332
42,Spain | Vilafranca del Penedes | Labdoo School Hub Vilafranca - Escola Montagut,Spain,open,22,24,47,0,1.6995213,41.3463825
43,Spain | Madrid | Labdoo School Hub Madrid - IES Villablanca,Spain,open,157,24,74,59,-3.703507,40.416782
46,Germany | Wuppertal-Barmen | Labdoo Annahmestelle 42287 Wuppertal-Barmen (Hub),Germany,open,141,41,640,0,7.1951992,51.2670229
47,Germany | München | Labdoo Annahmestelle 80804 München (Hub),Germany,open,2449,129,2031,289,11.5753822,48.1371079
48,Spain | Barcelona | Labdoo School Hub Barcelona - Aula Escola Europea,Spain,open,123,0,124,0,2.177073,41.3825802
50,Spain | Hondarribia | Labdoo Hub Hondarribia - Euskadi,Spain,open,3,2,4,0,-1.7914309,43.3624468
54,Germany | Berlin | Labdoo Annahmestelle 12051 Berlin: Wertraum | Die Wille gGmbH,Germany,open,257,16,316,0,13.3951309,52.5173885
56,Austria | Reichenthal | Labdoo Hub Mühlviertel (OÖ),Austria,open,25,0,20,5,14.3849807,48.5434585
57,Germany | Nürnberg | Labdoo Annahmestelle 90402 Nürnberg (Hub),Germany,open,312,30,342,0,11.077298,49.453872
61,Spain | Vilafranca del Penedès | Labdoo School Hub Vilafranca - Col·legi Vedruna Sant Elies,Spain,open,218,41,398,0,1.6995213,41.3463825
63,Germany | Bremen | Labdoo Annahmestelle 28215 Bremen (Hub),Germany,open,171,7,347,0,8.8071646,53.0758196
65,Germany | Mülheim an der Ruhr | Labdoo Annahmestelle 45478 MH / Rhein-Ruhr (Hub),Germany,open,33229,836,26276,6117,6.8829192,51.4272925
66,Austria | Salzburg | Labdoo Hub Salzburg,Austria,open,788,24,823,0,13.0464806,47.7981346
67,Switzerland | Oberwil-Lieli | Labdoo Hub Zürich (Schweiz),Switzerland,open,7521,35,7381,105,8.3843501,47.3338992
71,Spain | Barcelona | Labdoo Hub Barcelona @I2CAT Campus Nord,Spain,open,1368,133,1086,149,2.177073,41.3825802
72,Germany | Soest | Labdoo Annahmestelle 59494 Soest: Kulturhaus Alter Schlachthof,Germany,open,0,2,6,0,8.1061259,51.5725501
73,Germany | Berlin | Labdoo Annahmestelle 12103 Berlin-Schöneberg: AfB gGmbH Shop Berlin,Germany,open,0,24,538,0,13.3951309,52.5173885
74,Germany | Suhl | Labdoo Annahmestelle 98527 Suhl: Frank Hoffmann,Germany,open,0,0,2,0,10.6926437,50.6086518
75,Germany | Dortmund | Labdoo Annahmestelle 44263 Dortmund - Hörde (Phoenixsee),Germany,open,0,0,15,0,7.4652789,51.5142273
76,Germany | Düsseldorf | Labdoo Annahmestelle 40227 Düsseldorf  (Nähe Hauptbahnhof): Dirk Balzer,Germany,open,10,1,88,0,6.7763137,51.2254018
77,Germany | Wuppertal | Labdoo Annahmestelle 42327 Wuppertal: GEPA - The Fair Trade Company,Germany,open,0,3,62,0,7.1780374,51.264018
78,Germany | Essen | Labdoo Annahmestelle 45139 Essen: AfB gGmbH Shop Essen,Germany,open,0,8,753,0,7.0158171,51.4582235
79,Germany | Hannover | Labdoo Annahmestelle 30165 Hannover: AfB gGmbH Shop Hannover,Germany,open,0,29,209,0,9.7385532,52.3744779
80,Germany | Wesel | Labdoo Annahmestelle 46485 Wesel: Stefan Abeln,Germany,open,0,6,29,0,6.617087,51.6576909
81,Germany | Neuenhagen | Labdoo Annahmestelle 15366 Neuenhagen bei Berlin: Holger Höing,Germany,open,0,0,5,0,13.1115253,53.7467873
82,Germany | Ettlingen | Labdoo Annahmestelle 76275 Ettlingen: AfB gGmbH Shop Ettlingen,Germany,open,0,2,222,0,8.4076347,48.9414188
83,Germany | Mülheim an der Ruhr | Labdoo Annahmestelle 45473 Mülheim an der Ruhr: VHS Volkshochschule,Germany,open,0,1,36,0,6.8829192,51.4272925
84,Germany | Hamburg | Labdoo Annahmestelle 21035 Hamburg - Bergedorf:  PC112 PCFeuerwehr GmbH [nach Absprache geöffnet],Germany,open,141,2,261,0,10.0013165,53.5501721
85,Germany | Hamburg | Labdoo Annahmestelle 22761 Hamburg - Bahrenfeld,Germany,open,0,0,55,0,10.0013165,53.5501721
86,Germany | Nürnberg | Labdoo Annahmestelle 90427 Nürnberg: Raphael Seebröker,Germany,open,70,3,67,0,11.077298,49.453872
87,Austria | Putzleinsdorf | Annahmestelle Putzleinsdorf: Judith Fuchs,Austria,open,0,0,0,0,13.8733381,48.5165615
88,Austria | Wien | Annahmestelle Wien Liesing (23. Bezirk): AfB Shop,Austria,open,0,0,1,0,16.3725042,48.2083537
89,Germany | Bonn | Labdoo Annahmestelle 53173 Bonn: Ulrich Egger (Hub),Germany,open,1145,52,981,112,7.1024635,50.7352621
90,Germany | Düren | Labdoo Annahmestelle 52353 Düren: AfB gGmbH Shop Düren,Germany,open,0,1,335,0,6.4820806,50.8031684
91,Germany | Köln | Labdoo Annahmestelle 51103 Köln: AfB gGmbH Store Köln,Germany,open,0,0,107,0,6.959974,50.938361
92,Switzerland | Uettligen | Annahmestelle 3043 Uettligen (BE),Switzerland,open,0,0,0,0,7.3860162,46.987784
93,Switzerland | Randa | Annahmestelle 3928 Randa (VS),Switzerland,open,0,0,3,0,7.782412,46.1002792
96,Switzerland | Mägenwil | Annahmestelle 5506 Mägenwil (AG),Switzerland,open,0,0,0,0,8.2301927,47.4122258
97,Switzerland | Willisau | Annahmestelle 6130 Willisau (LU),Switzerland,open,0,0,0,0,7.99659,47.1215184
101,Switzerland | Unteriberg | Annahmestelle 8842 Unteriberg (SZ),Switzerland,open,0,0,0,0,8.8035271,47.0598018
102,Switzerland | Oberwil-Lieli | Annahmestelle 8966 Oberwil-Lieli (AG),Switzerland,open,0,0,0,0,8.3843501,47.3338992
103,Switzerland | St. Gallen | Annahmestelle 9001 St. Gallen (SG),Switzerland,open,0,0,0,0,9.3762397,47.425618
104,Switzerland | Kreuzlingen | Annahmestelle 8280 Kreuzlingen (TG),Switzerland,open,0,0,0,0,9.1725621,47.6464362
105,Switzerland | Biel/Bienne | Annahmestelle 2500 Biel/Bienne (BE),Switzerland,open,0,0,0,0,7.2439029,47.1402077
107,Germany | Oberhausen | Labdoo Annahmestelle 46117 Oberhausen: Ajdin Halilovic,Germany,open,0,0,36,0,6.8514435,51.4696137
109,Austria | Salzburg | Annahmestelle Salzburg: Amref Austria,Austria,open,0,0,0,0,13.0464806,47.7981346
111,Austria | Salzburg - Gneis | Annahmestelle Salzburg-Gneis: Weltladen Salzburg-Gneis,Austria,open,0,0,0,0,13.0408524,47.7791152
112,Austria | Köstendorf | Annahmestelle Köstendorf: EZA Fairer Handel,Austria,open,0,0,0,0,13.1978045,47.9568047
114,Austria | Innsbruck / Arzl  | Annahmestelle Innsbruck:  Mittelschule Olympisches Dorf,Austria,open,0,0,5,0,11.4297668,47.283434
116,Germany | Duisburg | Labdoo Annahmestelle 47198 Duisburg: Mail Boxes Etc. | AB Druck & Versand GmbH,Germany,open,0,1,25,0,6.759562,51.434999
119,Switzerland | Alpnach | Annahmestelle 6055 Alpnach (OW),Switzerland,open,0,0,0,0,8.2736829,46.9411661
120,Germany | Bergisch Gladbach | Labdoo Annahmestelle 51429 Bergisch Gladbach: Frank Dietz (Freifunk),Germany,open,39,0,60,0,7.1277379,50.9929303
121,Colombia | Bello | Labdoo Hub Medellín / Divergente,Colombia,open,126,8,82,36,-1.4997476,40.922441
124,Germany | Gründau-Lieblos | Labdoo Annahmestelle 63584 Gründau-Lieblos: Malteser Hilfsdienst Kreisgeschäftsstelle Main-Kinzig-Kreis,Germany,open,0,0,12,0,9.1400401,50.2000732
125,Germany | Dortmund | Labdoo Annahmestelle 44263 Dortmund (Hub),Germany,open,45,1,57,0,7.4652789,51.5142273
126,Germany | Hofsingelding | Labdoo Annahmestelle 85457 Hofsingelding: Anna Maria Blau (ADIA Erding e.V.),Germany,open,0,0,16,0,11.8773377,48.2479594
127,Germany | Fulda | Labdoo Annahmestelle 36039 Fulda: Malteser Hilfsdienst Diözesangeschäftsstelle,Germany,open,0,0,4,0,9.6770448,50.5542328
128,Germany | Hofheim am Taunus | Labdoo Annahmestelle 65719 Hofheim am Taunus: Tobias Schmidtke,Germany,open,32,8,672,0,8.42285,50.09494
129,Luxembourg | Luxembourg | EuropaHub Lux,Luxembourg,open,0,0,0,0,6.1296751,49.8158683
131,Switzerland | Dietikon | Annahmestelle 8953 Dietikon (ZH),Switzerland,open,0,0,0,0,8.4030765,47.4050746
132,Switzerland | Stäfa | Annahmestelle 8712 Stäfa (ZH),Switzerland,open,0,0,0,0,8.7348747,47.2413349
134,Spain | Vilafranca del Penedes | Labdoo City Hub Vilafranca del Penedes - Escorxador,Spain,open,1,3,17,0,1.6995213,41.3463825
136,Spain | Barcelona | Labdoo Hub Barcelona BaseTIS,Spain,open,10,0,26,0,2.177073,41.3825802
138,Spain | Berga | Labdoo Hub Berga - Inforber,Spain,open,0,0,0,0,5.3259192,60.3943055
139,Spain | Manresa | Labdoo Hub Manresa - Inforber,Spain,open,0,0,0,0,1.8286765,41.7288939
140,Germany | Düsseldorf | Labdoo Annahmestelle 40233 Düsseldorf - Flingern: AWISTA Kommunal Recyclinghof Flingern,Germany,open,0,38,742,0,6.7763137,51.2254018
141,Spain | Valencia | Labdoo Hub Valencia - Antiguos Alumnos UPV,Spain,open,0,0,11,0,-0.3763353,39.4697065
142,Germany | Werder | Labdoo Annahmestelle 14542 Werder: Jürgen Weinreich,Germany,open,8,4,45,0,12.9329125,52.3715809
143,Switzerland | Breitenbach | Annahmestelle 4226 Breitenbach (SO),Switzerland,open,0,0,0,0,7.2930383,48.3657983
144,United States | Lake Forest | TechAnnex ,United States,open,3,0,48,0,-87.8407055,42.2586461
145,Germany | Duisburg | Labdoo Annahmestelle 47167 Duisburg Röttgersbach: Recyclingzentrum Nord Wirtschaftsbetriebe Duisburg,Germany,open,0,0,42,0,6.759562,51.434999
146,Germany | Duisburg | Labdoo Annahmestelle 47053 Duisburg Hochfeld: Recyclinghof Mitte Wirtschaftsbetriebe Duisburg / R(h)einladen,Germany,open,0,19,19,0,6.759562,51.434999
147,Germany | Duisburg | Labdoo Annahmestelle 47059 Duisburg - Innenhafen: Wirtschaftsbetriebe Duisburg (H2Office),Germany,open,0,1,402,0,6.759562,51.434999
149,Greece | Athens | Labdoo Hub Athens,Greece,open,5,0,0,5,-83.376398,33.9597677
152,Dominican Republic | Santo Domingo Este | Labdoo Hub Santo Domingo (Dominican Republic),Dominican Republic,open,0,0,0,0,-69.8383703,18.4936515
153,New Zealand | Auckland | Labdoo Hub Auckland,New Zealand,open,280,34,184,62,174.7631803,-36.852095
155,Spain | Vilafranca del Penedès |  Labdoo City Hub Vilafranca del Penedes - Biblioteca Torras i Bages ,Spain,open,0,5,32,0,1.6995213,41.3463825
159,Germany | Neuss | Labdoo Annahmestelle 41462 Neuss:  Ambulante Hilfen Neuss | Neukirchener Erziehungsverein,Germany,open,0,0,15,0,6.6916476,51.1981778
160,Germany | Neukirchen-Vluyn | Labdoo Annahmestelle 47506 Neukirchen-Vluyn: Neukirchener Erziehungsverein,Germany,open,0,0,1,0,6.5467641,51.4413742
162,Austria | Klagenfurt | Annahmestelle AfB Klagenfurt,Austria,open,0,0,0,0,14.3075976,46.623943
164,United States | Palo Alto | Labdoo Hub-Palo Alto,United States,open,0,0,9,0,-122.1598465,37.4443293
165,Spain | Barcelona | Labdoo Hub - Associació Catalana d’Enginyers de Telecomunicació,Spain,open,0,1,14,0,2.177073,41.3825802
166,Germany | Dietzenbach | Labdoo Annahmestelle 63128 Dietzenbach: Amira Bieber,Germany,open,0,0,9,0,8.784277,50.0171926
167,Germany | Sandhausen | Labdoo Annahmestelle 69207 Sandhausen / Rhein-Neckar: Heinrich Wegener (Hub),Germany,open,129,14,338,0,8.6595053,49.3424055
168,Austria | Wien - Mödling    Annahmestelle Hr. Rossmann | Annahmestelle Rossmann,Austria,open,0,0,6,0,0.0,0.0
169,Spain | Sant Pere de Riudebitlles | Labdoo City Hub Sant Pere de Riudebitlles - Biblioteca Maria Àngels Torrents,Spain,open,0,0,0,0,1.7017388,41.4535893
170,Spain | Sant Quintí de Mediona | Labdoo City Hub Sant Quintí de Mediona - Biblioteca Joan Sardà i Lloret,Spain,open,0,0,0,0,1.6652161,41.4627909
171,Spain | Sant Sadurní d’Anoia | Labdoo City Hub Sant Sadurní d’Anoia - Biblioteca Ramon Bosch de Noya,Spain,open,0,0,0,0,1.7863949,41.4244663
172,Spain | Santa Margarida i els Monjos | Labdoo City Hub Santa Margarida i els Monjos - Biblioteca Santa Margarida i els Monjos,Spain,open,0,0,16,0,1.6623519,41.3213389
173,Spain | Sant Pere de Ribes | Labdoo City Hub Sant Pere de Ribes - Biblioteca Manuel de Pedrolo,Spain,open,0,2,4,0,1.7721357,41.2619218
174,Spain | Sant Pere de Ribes | Labdoo City Hub Sant Pere de Ribes - Biblioteca Josep Pla,Spain,open,0,0,3,0,1.7721357,41.2619218
175,Spain | Sitges | Labdoo City Hub Sitges - Biblioteca Santiago Rusiñol,Spain,open,0,0,0,0,1.8228136,41.2366707
176,Spain | Sitges | Labdoo City Hub Sitges - Biblioteca Josep Roig i Raventós,Spain,open,0,0,2,0,1.8228136,41.2366707
177,Spain | Vilanova i la Geltru | Labdoo City Hub Vilanova i la Geltrú - Biblioteca Joan Oliva i Milà,Spain,open,0,1,2,0,1.7256327,41.2241992
178,Spain | Vilanova i la Geltrú | Labdoo City Hub Vilanova i la Geltrú - Biblioteca Armand Cardona Torrandell ,Spain,open,0,1,4,0,1.7256327,41.2241992
179,Spain | Vilafranca del Penedés | Labdoo Mobile Hub Vilafranca del Penedes - BIBLIOBUS CASTELLOT,Spain,open,0,0,0,0,1.6995213,41.3463825
180,Spain | Vilafranca del Penedés | Labdoo Mobile Hub Vilafranca del Penedes - BIBLIOBUS MONTAU,Spain,open,0,1,0,0,1.6995213,41.3463825
181,"Austria | St. Pölten | EVI  Naturkost, Laptopsammelstelle und Restaurant",Austria,open,0,0,15,0,15.6229118,48.2043985
182,Austria | Röthis | Labdoo Hub Vorarlberg,Austria,open,1,0,0,1,9.6534863,47.2922308
183,Venezuela | Maturin  | Labdoo Hub Venezuela - Maturin,Venezuela,open,0,0,0,0,-63.1888854,9.7422774
184,Germany | Neuss | Labdoo Annahmestelle 41460 Neuss:  SPD Geschäftsstelle Neuss,Germany,open,0,0,29,0,6.6916476,51.1981778
185,Germany | Oberkirchen | Labdoo Annahmestelle 66629 Oberkirchen (Saar): Ehrenamtliches Café Edelstein Heimat- und Verkehrsverein | WEISELBERG e.V.,Germany,open,31,1,41,0,8.3743827,51.1584393
189,Spain | Ourense | Labdoo School Hub Ourense - CIFP A Carballeira-Márcos Valcarcel,Spain,open,15,2,5,8,-7.537124,42.1939629
190,United States | Middlebury | Middlebury College Laptop Hub,United States,open,0,0,0,0,-73.167229,44.014299
191,Spain | Sant Cugat del Vallès | Labdoo City Hub Sant Cugat ,Spain,open,2202,341,1111,750,2.0817809,41.4728432
192,Switzerland | Pfäffikon | Annahmestelle 8808 Pfäffikon (SZ),Switzerland,open,0,0,0,0,8.7819841,47.365582
195,Spain | Madrid | Labdoo School Hub Madrid - IES Arquitecto Ventura Rodríguez,Spain,open,16,0,30,0,-3.703507,40.416782
196,Spain | Badajoz | IES Castelar (Badajoz),Spain,open,0,0,0,0,-6.9701115,38.878187
197,Switzerland | Oberwil-Lieli | ZENTRALLAGER und Aufbereitungsstelle: 8966 Oberwil-Lieli (AG),Switzerland,open,0,0,0,0,8.3843501,47.3338992
199,Switzerland | Hittnau | Annahmestelle 8335 Hittnau (ZH),Switzerland,open,0,0,0,0,8.8233708,47.3682799
200,Spain | Vilanova i la Geltru | Labdoo School Hub Vilanova - Institut Municipal d'Educació i Treball (IMET),Spain,open,0,0,1,0,1.7256327,41.2241992
202,Romania | Santana | Romania Santana Liceul Technologie 'Stefan Hell',Romania,open,0,0,0,0,-44.05064,-12.979217
203,Mongolia | Ulaanbaatar | Labdoo Hub Ulaanbaatar,Mongolia,open,55,0,31,24,106.9177016,47.9184676
205,Spain | Leon | Labdoo Dropping Point Leon España,Spain,open,0,0,1,0,-95.9953382,31.2715127
206,Germany | München | Labdoo Annahmestelle 81245 München: Pasing,Germany,open,9,23,311,0,11.5753822,48.1371079
208,Germany | Bochum | Labdoo Annahmestelle 44799 Bochum: Center for Advanced Internet Studies (CAIS) gGmbH,Germany,open,0,4,19,0,7.2196635,51.4818111
209,Spain | Vilafranca del Penedès | Labdoo School Hub Vilafranca - Institut Alt Penedès,Spain,open,71,2,155,0,1.6995213,41.3463825
210,Spain | Tegueste | Labdoo Hub Canary Islands - Tegueste,Spain,open,0,0,0,0,-16.3407638,28.5232609
212,Germany | Bremen | Labdoo Annahmestelle 28215 Bremen Findorff (Ajimba African Tours) ,Germany,open,0,0,7,0,8.8071646,53.0758196
217,Romania | Saniob | Romania Oradea - Saniob,Romania,open,0,0,0,0,22.1301322,47.2628461
219,Spain | Barcelona | Labdoo School Hub Barcelona - Institut Joan d'Àustria,Spain,open,4,0,4,0,2.177073,41.3825802
220,Switzerland | Rüschlikon | Annahmestelle 8803 Rüschlikon (ZH),Switzerland,open,0,0,0,0,8.5546421,47.307465
221,"Switzerland | Zürich | Annahmestelle 8048 Zürich (ZH), Altstetten",Switzerland,open,0,0,0,0,8.5410422,47.3744489
223,Spain | Antequera | IES. Los Colegiales. Antequera.,Spain,open,0,0,0,0,-4.5596649,37.0183652
224,Germany | München | Labdoo Annahmestelle 80796 München: Schwabing-West,Germany,open,78,1,217,0,11.5753822,48.1371079
225,Spain | Gelida | Labdoo School Hub Gelida - Institut Gelida,Spain,open,0,0,0,0,1.8634309,41.4408877
226,Germany | Kassel | Labdoo Annahmestelle 34134 Kassel (Hub),Germany,open,34,1,96,0,9.4978479,51.3157833
227,Germany | Stade | Labdoo Annahmestelle 21680 Stade (Hub),Germany,open,80,125,348,0,9.475438,53.599794
229,Spain | Cubelles | Labdoo City Hub Cubelles - Biblioteca Municipal Mn Joan Avinyo i Andreu de Cubelles,Spain,open,0,0,2,0,1.6730541,41.2083363
230,Spain | Cubelles | Labdoo City Hub Cubelles - Centre Social Ajuntament de Cubelles,Spain,open,1,0,10,0,1.6730541,41.2083363
231,Spain | Girona | Labdoo Hub Girona - Avgda Lluís Pericot,Spain,open,152,15,115,22,2.8199439,41.9793006
232,Spain | Granollers | Labdoo School Hub Granollers - Escola Pia,Spain,open,10,0,2,8,2.2876008,41.6079555
234,Germany | Wismar | Labdoo Annahmestelle 23968 Wismar - Wendorf,Germany,open,0,0,14,0,11.4647932,53.8909832
236,Spain | Sant Cugat del Vallès | Labdoo School Hub Sant Cugat - Aula de So,Spain,open,25,9,64,0,2.0817809,41.4728432
239,Spain | Esplugues de Llobregat | Labdoo Hub - Esplugues de Llobregat,Spain,open,0,0,9,0,2.0899722,41.3776796
242,Switzerland | Laax | Annahmestelle 7031 Laax (GR),Switzerland,open,0,0,0,0,9.2581267,46.806412
243,Spain | Vilafr | Labdoo City Hub Vilafranca del Penedès - La Nau,Spain,open,4,21,52,0,0.0,0.0
244,Germany | Leipzig | Labdoo Annahmestelle 04229 Leipzig: DATA REVERSE,Germany,open,0,4,69,0,12.3747329,51.3406321
245,Switzerland | Widnau | Annahmestelle 9443 Widnau (SG),Switzerland,open,0,0,0,0,9.6356294,47.4053426
246,Spain | Tarragona | URV-MongolRally-GoCharlieGo,Spain,open,17,3,49,0,1.2546057,41.1172364
248,Spain | Barcelona | Labdoo Hub Casa Orlandai,Spain,open,0,3,114,0,2.177073,41.3825802
249,Germany | Hamburg | Labdoo Annahmestelle 20146 Hamburg - Rotherbaum: Daniel Heydebreck am DKRZ [selten geöffnet],Germany,open,0,3,69,0,10.0013165,53.5501721
251,Switzerland | Berikon | Annahmestelle 8965 Berikon (AG),Switzerland,open,0,0,0,0,8.3701013,47.3528355
252,Switzerland | Trogen | Annahmestelle 9043 Trogen (AR),Switzerland,open,0,0,0,0,9.4650591,47.4079877
253,Spain | Sant Cugat del Vallès | Labdoo City Hub Sant Cugat - Ambiteca ,Spain,open,20,3,1,16,2.0817809,41.4728432
254,Spain | Sant Cugat del Vallès | Labdoo School Hub Sant Cugat - Escola Santa Isabel ,Spain,open,0,0,1,0,2.0817809,41.4728432
255,Spain | Barcelona | Labdoo Hub AUCOOP UPC,Spain,open,48,31,51,0,2.177073,41.3825802
256,India | New Delhi | Labdoo Hub New Delhi,India,open,15,0,2,13,77.2090057,28.6138954
257,Finland | Espoo | Labdoo Hub Espoo,Finland,open,0,0,0,0,24.6559808,60.2049651
258,Belgium | Leuven | Labdoo Hub Leuven,Belgium,open,63,0,7,56,4.7011675,50.879202
260,Germany | Bielefeld | Labdoo Annahmestelle 33609 Bielefeld: SeedCom Ltd,Germany,open,0,0,75,0,8.531007,52.0191005
263,Spain | Sant Cugat del Vallès | Labdoo City Hub Sant Cugat del Vallès - Biblioteca Mira-sol Marta Pessarrodona ,Spain,open,0,3,9,0,2.0817809,41.4728432
264,"Spain | Sant Cugat del Vallès | Labdoo City Hub Sant Cugat del Vallès - Biblioteca Miquel Batllori, Volpelleres.",Spain,open,0,1,1,0,2.0817809,41.4728432
267,Spain | Tarragona | Punt de recollida Labdoo- CRAI URV Campus Catalunya (Tarragona),Spain,open,0,0,10,0,1.2546057,41.1172364
268,Spain | Barcelona | Labdoo School Hub  Barcelona -  Aula 19 Centre de Formació,Spain,open,30,16,6,8,2.177073,41.3825802
269,Spain | Tarragona | Punt de recollida Labdoo- CRAI URV Campus Sescelades (Tarragona),Spain,open,2,22,16,0,1.2546057,41.1172364
270,Spain | Tarragona | Hub Universitat Rovira i Virgili (URV),Spain,open,33,10,14,9,1.2546057,41.1172364
271,Spain | Tortosa | Punt de recollida Labdoo- CRAI URV Campus Terres de l’Ebre (Tortosa),Spain,open,0,0,0,0,0.5209333,40.8110158
272,Spain | Coma-ruga | Punt de recollida Labdoo- CRAI URV Campus Baix Penedès (Vendrell),Spain,open,0,0,0,0,1.5230383,41.181593
273,Spain | Reus | Punt de recollida Labdoo- CRAI URV Campus Bellissens (Reus),Spain,open,0,0,0,0,1.1076133,41.1555564
274,Spain | Reus | Punt de recollida Labdoo- CRAI URV Campus Medicina (Reus),Spain,open,0,0,0,0,1.1076133,41.1555564
275,Spain | Tarragona | Punt de recollida Labdoo- URV Solidària (Tarragona),Spain,open,66,26,34,6,1.2546057,41.1172364
276,Spain | Vila-seca | Punt de recollida Labdoo- CRAI URV Campus Vila-seca,Spain,open,0,0,0,0,1.144961,41.1109268
277,Spain | Barcelona | Labdoo Hub Barcelona - Foundawtion,Spain,open,60,0,194,0,2.177073,41.3825802
278,Germany | Schwerin | Labdoo Annahmestelle 19055 Schwerin: Computer Studio GmbH Mecklenburg,Germany,open,0,0,0,0,11.4148038,53.6288297
279,Spain | Sant Cugat del Vallès | Labdoo School Hub Sant Cugat - Institut Angeleta Ferrer i Sensat,Spain,open,36,1,34,1,2.0817809,41.4728432
280,Spain | Sant Cugat del Vallès | Labdoo School Hub Sant Cugat - Institut FP Sant Cugat,Spain,open,5,62,187,0,2.0817809,41.4728432
281,Germany | Köln | Labdoo Annahmestelle 50737 Köln: KABRO Motorradtechnik,Germany,open,0,0,31,0,6.959974,50.938361
282,Germany | Frankfurt am Main | Labdoo Annahmestelle 60489 Frankfurt am Main (Rödelheim): Chris Neygandhi,Germany,open,0,1,29,0,8.6820917,50.1106444
283,Spain | Terrassa | Labdoo Hub Terrassa - Paisalanes,Spain,open,81,13,57,11,2.0100492,41.5629623
285,Spain | Sant Cugat del Vallès | Labdoo School Hub Sant Cugat - Escola Pi d'en Xandri ,Spain,open,0,0,2,0,2.0817809,41.4728432
286,Germany | Schlangenbad | Labdoo Annahmestelle 65388 Schlangenbad: Carola Bill,Germany,open,0,1,19,0,8.04375,50.09487
287,Germany | Windeck | Labdoo Annahmestelle 51570 Rhein-Sieg-Oberberg: Sascha Mantscheff (Hub),Germany,open,0,0,3,0,7.5746042,50.7977107
288,United States | Brea | Labdoo Hub CEWS (Corporate eWaste Solutions),United States,open,10,4,62,0,-117.888855,33.9170444
289,Germany | Schwerin | Labdoo Annahmestelle 19053 Schwerin: Perfectum Computersysteme,Germany,open,0,0,13,0,11.4148038,53.6288297
290,Spain | Banyoles | Banyoles City Hub,Spain,open,21,1,63,0,2.7653607,42.1180477
291,Germany | Kaulsdorf | Labdoo Annahmestelle 07338 Kaulsdorf: Axel Brümmer,Germany,open,502,2,411,89,11.4308881,50.6209074
292,United States | Miami  | Labdoo Hub Miami,United States,open,152,2,72,78,-80.1935973,25.7741566
293,Spain | Cornellà del Llobregat | Labdoo School Hub Cornellà - Fundació El Llindar,Spain,open,0,7,52,0,2.0723373,41.3484792
294,Spain | Sant Cugat del Vallès | Labdoo  School Hub Sant Cugat - PFI-PTT Sant Cugat del Vallès ,Spain,open,0,0,0,0,2.0817809,41.4728432
295,Germany | Stadt Wehlen | Labdoo Annahmestelle 01829 Stadt Wehlen: Michael Klix,Germany,open,4,0,16,0,14.0307534,50.957091
296,Spain | Málaga | Labdoo Hub Malaga - Asociación Chavorrillos Asperones UMA,Spain,open,100,66,15,19,-4.4216366,36.7213028
297,Spain | Valencia | Labdoo Hub Valencia - Barrio Patraix,Spain,open,0,0,0,0,-0.3763353,39.4697065
298,Spain | Valencia | Labdoo Hub Valencia cg,Spain,open,0,0,0,0,-0.3763353,39.4697065
299,Spain | NARON | Narón - La Coruña ,Spain,open,0,0,0,0,-8.1923091,43.5010981
300,Spain | Finestrat | Labdoo Hub - Finestrat - Sally Farrera,Spain,open,0,0,0,0,-0.2122319,38.5679236
301,Spain | San Pedro Alcántara (Marbella) | San Pedro Alcántara ,Spain,open,0,0,0,0,-4.990532,36.486635
302,Spain | Valencia | Labdoo Hub Valencia - costa,Spain,open,0,0,0,0,-0.3763353,39.4697065
303,Spain | Naron | Narón - La Coruña  ,Spain,open,0,0,0,0,-8.1923091,43.5010981
304,Spain | Finestrat | Finestrat,Spain,open,0,0,0,0,-0.2122319,38.5679236
305,Spain | Banyoles | Institut Pere Alsius,Spain,open,0,1,43,0,2.7653607,42.1180477
306,Spain | Banyoles | Punt Òmnia de Banyoles,Spain,open,0,0,1,0,2.7653607,42.1180477
307,Germany | Hamburg | Labdoo Annahmestelle 22607 Hamburg - Groß Flottbek: Jacques Weindepot,Germany,open,0,0,0,0,10.0013165,53.5501721
308,Germany | Bremen | Labdoo Annahmestelle 28203 Bremen: Helmut R Werner,Germany,open,0,2,9,0,8.8071646,53.0758196
309,Spain | La Eliana | Labdoo Hub La Eliana - València,Spain,open,0,0,0,0,-0.5302784,39.5659086
310,Germany | Wetter (Ruhr) | Labdoo Annahmestelle 58300 Volmarstein: Berufsbildungswerk Volmarstein,Germany,open,1,2,17,0,7.3951553,51.3879463
311,Spain | Banyoles | Banyoles - Oficina Jove Cal Drac,Spain,open,0,0,3,0,2.7653607,42.1180477
312,Spain | Banyoles | Institut Josep Brugulat,Spain,open,0,0,0,0,2.7653607,42.1180477
313,Spain | Banyoles | Institut Pla de l'Estany,Spain,open,0,0,2,0,2.7653607,42.1180477
314,Germany | Düsseldorf | Labdoo Annahmestelle 40223 Düsseldorf - Bilk / Südring: Jacques Weindepot,Germany,open,0,2,95,0,6.7763137,51.2254018
315,Spain | Manresa | Labdoo Hub Manresa - Xup Wadea,Spain,open,0,0,0,0,1.8286765,41.7288939
317,"Spain | Llinars del Vallès | City Hub Llinars del Vallès, Can Lletres",Spain,open,70,14,5,51,2.4025704,41.641913
318,Spain | Cercs | Labdoo Hub Cercs ,Spain,open,0,0,0,0,1.8606233,42.1463987
319,Germany | Messel | Labdoo Annahmestelle 64409 Messel: SOCIALARTS E.V. & PROJEKTFABRIK gGmbH,Germany,open,0,0,8,0,8.7449232,49.9369643
320,Spain | Borreda | Labdoo hub Borredà,Spain,open,0,0,0,0,1.9941054,42.1355536
321,Spain | Manresa | Labdoo Hub Manresa - Aliehs,Spain,open,0,0,0,0,1.8286765,41.7288939
322,Spain | Llinars del Vallès | Labdoo City Hub Llinars del Vallès - Biblioteca Can Casas,Spain,open,0,0,0,0,2.4025704,41.641913
323,Spain | Llinars del Vallès | Labdoo Hub Llinars del Vallès - Escola Ginebró,Spain,open,0,0,0,0,2.4025704,41.641913
324,Spain | Barcelona | Labdoo Hub Centre Ocupacional Taller Sant Camil,Spain,open,0,35,25,0,2.177073,41.3825802
327,Germany | Ulm | Labdoo Annahmestelle 89073 Ulm: Ulmer Weltladen,Germany,open,0,5,93,0,9.9912458,48.3984968
328,Germany | Neubrunn-Böttigheim | Labdoo Annahmestelle 97277 Main-Tauber: Sambia e.V. Neubrunn-Böttigheim,Germany,open,21,13,82,0,9.6536872,49.7044899
329,Germany | Gießen  | Labdoo Annahmestelle 35396 Gießen: IG Metall Geschäftsstelle Mittelhessen ,Germany,open,0,4,34,0,8.6938161,50.5808795
330,Spain | Mataró | Labdoo School Hub Mataró - Institut Damià Campeny,Spain,open,0,0,0,0,2.4448926,41.5398348
333,Germany | Köln | Labdoo Annahmestelle 50678 Köln: Railslove GmbH,Germany,open,0,0,14,0,6.959974,50.938361
334,Spain | Sabadell | Labdoo Hub Sabadell,Spain,open,456,53,211,192,2.1083214,41.5460801
335,Germany | Bonn | Labdoo Annahmestelle 53125 Bonn: Björn Wetzel,Germany,open,2,0,5,0,7.1024635,50.7352621
336,Germany | Köln | Labdoo Annahmestelle 50968 Köln: Alexander Artz Kibera Hope Academy gUG,Germany,open,0,1,2,0,6.959974,50.938361
337,Germany | Freudenstadt | Labdoo Annahmestelle 72250 Freudenstadt: AVIA Freudenstadt,Germany,open,0,0,12,0,8.4111727,48.4637727
338,Germany | Freudenstadt | Labdoo Annahmestelle 72250 Freudenstadt: Oest Tankstellen GmbH & Co. KG (Hub),Germany,open,0,1,33,0,8.4111727,48.4637727
339,Germany | Dornhan | Labdoo Annahmestelle 72175 Dornham: AVIA Dornhan,Germany,open,0,0,0,0,8.5078535,48.3502837
340,Germany | Ottenhöfen | Labdoo Annahmestelle 77883 Ottenhöfen: AVIA Ottenhöfen,Germany,open,0,0,0,0,8.1521367,48.5658379
341,Germany | Oberndorf-Aistaig | Labdoo Annahmestelle 78727 Oberndorf: AVIA Oberndorf,Germany,open,0,0,0,0,8.5702667,48.3138235
342,Spain | Mataró | Labdoo City Hub Mataró - Biblioteca Antoni Comas,Spain,open,0,0,0,0,2.4448926,41.5398348
343,Spain | Mataró | Labdoo City Hub Mataró - Biblioteca Pompeu Fabra,Spain,open,0,0,1,0,2.4448926,41.5398348
344,Spain | Girona | Labdoo Hub Girona - OIKIA,Spain,open,21,2,10,9,2.8199439,41.9793006
346,Germany | Schongau | Labdoo Annahmestelle 86956 Schongau,Germany,open,0,0,15,0,10.8972133,47.8118973
347,Germany | München | Labdoo Annahmestelle 81541 München: Giesing,Germany,open,8,0,156,0,11.5753822,48.1371079
348,"Spain | Manresa | Labdoo School Hub - Institut Cal Gravat, Manresa",Spain,open,0,2,0,0,1.8286765,41.7288939
349,Germany | Hamburg | Labdoo Annahmestelle 22999 Hamburg: Winterhude [Hub],Germany,open,1575,243,786,546,10.0013165,53.5501721
350,Germany | Deutschland | Labdoo.org (Deutschland),Germany,open,7,0,21,0,10.4478313,51.1638175
351,Spain | Sitges | Hub Labdoo Sitges,Spain,open,0,0,0,0,1.8228136,41.2366707
352,Spain | Sant Cugat del Vallès | Punt de Recollida Labdoo - 021 Informàtics,Spain,open,0,0,0,0,2.0817809,41.4728432
353,Spain | Sabadell | Labdoo Hub Sabadell - Clarence House,Spain,open,0,0,2,0,2.1083214,41.5460801
354,South Africa | Northcliff | Labdoo Hub Johannesburg - Jumpstart,South Africa,open,0,0,0,0,27.9622222,-26.1311111
356,Germany | Schallstadt | Labdoo Annahmestelle 79227 Schallstadt: Simon Mittelstädt,Germany,open,0,0,7,0,7.7496747,47.9568123
357,Spain | Berga | HUB Berga,Spain,open,0,0,0,0,5.3259192,60.3943055
358,Spain | Alcobendas | Labdoo Hub Madrid - Indra,Spain,open,326,24,278,24,-3.6358494,40.5400082
359,Germany | Mülheim an der Ruhr | Zentrale Zustelladresse (Zentrallager Labdoo Deutschland),Germany,open,0,0,0,0,6.8829192,51.4272925
360,United States | Key Biscayne  | Labdoo Hub Key Biscayne ,United States,open,85,1,17,67,-80.1635261,25.6968351
361,United States | North Miami | Labdoo Hub North Miami,United States,open,0,0,6,0,-80.1867138,25.8900949
362,Germany | Hamburg | Labdoo Annahmestelle 22527 Hamburg - Eimsbüttel,Germany,open,0,1,22,0,10.0013165,53.5501721
363,Spain | Mataró | Labdoo Hub Mataró - Sant Pau,Spain,open,0,0,0,0,2.4448926,41.5398348
364,Germany | Berlin | Labdoo Annahmestelle 10999 Berlin: bUm GmbH,Germany,open,0,6,42,0,13.3951309,52.5173885
365,Germany | Dassendorf | Labdoo Annahmestelle 21521 Dassendorf: Durchblick die Lernpraxis,Germany,open,0,5,6,0,10.3749868,53.4900689
366,Spain | Madrid | Facultad de Informática - Universidad Complutense ,Spain,open,28,10,9,9,-3.703507,40.416782
368,Spain | Madrid | Labdoo  Hub Madrid: Oficina OVUS en Facultad de Trabajo Social,Spain,open,0,0,0,0,-3.703507,40.416782
369,Guatemala | guatemala | Labdoo Hub Guatemala - Bibliotecas Comunitarias de Guatemala,Guatemala,open,0,0,0,0,-90.345759,15.5855545
370,France | Paris | Labdoo Hub Paris - 18ème arrondissement,France,open,256,0,6,250,2.3483915,48.8534951
371,Germany | Frankfurt am Main | Labdoo Annahmestelle 60388 Frankfurt Enkheim: Angelika Stryzhych,Germany,open,0,0,11,0,8.6820917,50.1106444
372,Germany | Erkrath | Labdoo Annahmestelle 40699 Erkrath: Abfallberatung Schimmelbuschstraße,Germany,open,0,1,28,0,6.9056079,51.2209866
373,Germany | Erkrath | Labdoo Annahmestelle 40699 Erkrath: Naturschutzzentrum,Germany,open,0,0,0,0,6.9056079,51.2209866
374,Germany | Erkrath | Labdoo Annahmestelle 40699 Erkrath: Wertstoffsammelhof,Germany,open,0,0,1,0,6.9056079,51.2209866
375,Spain | Mollet del Vallès | Labdoo City Hub - Mollet,Spain,open,100,0,0,100,2.2130934,41.5393484
376,Sweden | Stockholm | Labdoo Hub Stockholm,Sweden,open,176,0,8,168,18.0710935,59.3251172
377,Germany | Grevenbroich | Labdoo Annahmestelle 41517 Grevenbroich: Kleinanlieferstelle Neuenhausen,Germany,open,0,0,4,0,6.5848937,51.0862467
378,Spain | Sant Cugat del Vallès | Labdoo Hub - Club Muntanyenc Sant Cugat,Spain,open,0,2,9,0,2.0817809,41.4728432
379,Germany | Stadtallendorf | Labdoo Annahmestelle 35260 Stadtallendorf: Webhummel,Germany,open,0,0,0,0,9.0292315,50.8251982
380,Norway | Trondheim | Labdoo Hub Trondheim: Innherredsveien 24,Norway,open,40,0,15,25,10.3952118,63.4304475
382,Switzerland | Zürich-Flughafen | Annahmestelle 8058 Zürich-Flughafen (ZH),Switzerland,open,0,0,0,0,8.5618985,47.4500978
383,Germany | Mülheim an der Ruhr | Labdoo Annahmestelle 45468 Mülheim an der Ruhr: Stadtteilbüro Eppinghofen,Germany,open,0,1,8,0,6.8829192,51.4272925
384,South Africa | Nelspruit | Labdoo Hub Nelspruit - Penreach ,South Africa,open,0,0,0,0,30.9772719,-25.4729094
385,Spain | O Barco de Valdeorras | O Barco de Valdeorras,Spain,open,0,0,0,0,-6.9801028,42.4301028
386,United States | Miami  | Coral Reef Hub ,United States,open,0,0,0,0,-80.1935973,25.7741566
387,Germany | Gronau | Labdoo Annahmestelle 31028 Gronau: Leandra Irrgang,Germany,open,0,0,10,0,9.7751956,52.0841729
388,Spain | Manresa | Laboo Hub Manresa - CATALUNYA,Spain,open,15,0,0,15,1.8286765,41.7288939
390,Germany | Rodgau | Labdoo Annahmestelle 63110 Rodgau: WISA - Wir sind angekommen e.V.,Germany,open,59,0,71,0,8.8853392,50.0176771
391,Spain | Olot | Labdoo Hub Olot - Ayonow,Spain,open,0,0,0,0,2.4890211,42.1822177
392,Germany | Halbergermoos | Labdoo Annahmestelle 85399 Hallbergmoos: Mast-Eurokrallen-München GmbH,Germany,open,0,0,5,0,0.0,0.0
393,Spain | Torrijos | Labdoo Hub Toledo - Torrijos,Spain,open,0,0,59,0,-4.2805629,39.9811627
394,Spain | Romo-Leioa | Labdoo Hub Bilbao - Romo-Leioa,Spain,open,15,8,5,2,-3.0047855,43.3296743
396,Germany | Bedburg-Hau Moyland | Labdoo Annahmestelle 47551 Bedburg-Hau Moyland: KKA Entsorgungszentrum,Germany,open,0,0,0,0,6.238806,51.7534331
397,Germany | Geldern - Pont | Labdoo Annahmestelle 47608 Geldern-Pont: KKA Entsorgungszentrum,Germany,open,0,0,92,0,6.2961511,51.4916087
398,Germany | Uedem | Labdoo Annahmestelle 47589 Uedem: KKA Verwaltung,Germany,open,0,12,34,0,6.2735726,51.6686375
399,Germany | Berlin | Labdoo Annahmestelle 13156 Berlin: Fauna-Reisen GmbH,Germany,open,0,0,15,0,13.3951309,52.5173885
400,Spain | Lleida | Labdoo Hub Lleida,Spain,open,0,0,0,0,0.6267842,41.6147605
401,Germany | Wemmetsweiler | Labdoo Annahmestelle 66589 Wemmetsweiler: Sabrina Hartmann ,Germany,open,0,0,6,0,7.0830577,49.3738524
402,Germany | Preußisch Oldendorf | Labdoo Annahmestelle 32361 Preußisch Oldendorf: Sebastian Mallach,Germany,open,0,0,0,0,8.4971557,52.3048433
403,Spain | Barcelona | Labdoo Hub Centre d'Estudis Politècnics,Spain,open,0,10,42,0,2.177073,41.3825802
405,Germany | Laufenburg | Labdoo Annahmestelle 79725 Laufenburg: Daniel Zipfel,Germany,open,0,0,5,0,8.0599414,47.5671976
406,Spain | Portugalete  | Labdoo Hub Portugalete -   Hegoalde Visión Sur,Spain,open,0,0,0,0,-3.0198633,43.3189646
407,Germany | Münster | Labdoo Annahmestelle 48147 Münster: Benjamin Seebröker,Germany,open,127,2,135,0,7.6251879,51.9625101
408,Spain | Málaga | Labdoo Hub Estepona -Malaga-,Spain,open,0,0,0,0,-4.4216366,36.7213028
409,Germany | Mannheim | Labdoo Annahmestelle 68307 Mannheim: IT-Consulting Engin Imal,Germany,open,0,6,148,0,8.4673098,49.4892913
410,Germany | München | Labdoo Annahmestelle 80636 München: Meaalofa Foundation,Germany,open,42,6,108,0,11.5753822,48.1371079
411,Spain | Sant Joan de Vilatorrada | Labdoo City Hub Sant Joan de Vilatorrada - Biblioteca CAL GALLIFA,Spain,open,0,0,0,0,1.803625,41.7422073
412,Spain | Barcelona | Labdoo Hub - Biblioteques Públiques de Catalunya Adherides,Spain,open,0,0,0,0,2.177073,41.3825802
413,Spain | Torelló | Labdoo City Hub Torelló - Biblioteca Dos Rius,Spain,open,0,0,1,0,2.2643391,42.0478304
414,Spain | Barcelona | Labdoo School Hub - Institut Pedralbes,Spain,open,0,0,11,0,2.177073,41.3825802
415,Spain | Riells i Viabrea | Labdoo City Hub Riells i Viabrea - Biblioteca Pompeu Fabra  ,Spain,open,0,0,0,0,2.5129067,41.7764308
417,Spain | Castelldefels | Labdoo Hub Castelldefels - Fundación Luz Solidaria,Spain,open,0,0,0,0,1.9824173,41.2861022
418,Spain | Barcelona | Labdoo City Hub Barcelona - Biblioteca Sant Gervasi - Joan Maragall,Spain,open,0,0,2,0,2.177073,41.3825802
419,Spain | Santa Margarida de Montbui | Labdoo City Hub Santa Margarida de Montbui - Biblioteca Mont-Agora,Spain,open,0,2,2,0,1.6084538,41.5745942
420,Spain | Sant Andreu de la Barca | Labdoo City Hub Sant Andreu de la Barca - Biblioteca Aigüestoses,Spain,open,0,0,0,0,1.9719416,41.4499648
421,Spain | Sant Climent de Llobregat | Labdoo City Hub Sant Climent de Llobregat - Biblioteca Ca l'Altisent,Spain,open,0,0,0,0,1.9970575,41.3366993
422,Spain | Palafolls | Labdoo City Hub Palafolls - Biblioteca Enric Miralles,Spain,open,0,0,0,0,2.7499262,41.6673913
423,Spain | Cabrils | Labdoo City Hub Cabrils - Biblioteca Pública,Spain,open,0,0,0,0,2.3676258,41.5262354
424,Spain | Montcada i Reixac | Labdoo City Hub Montcada i Reixac- Biblioteca Elisenda de Montcada,Spain,open,0,0,0,0,2.1869985,41.4823115
425,Spain | Cervelló | Labdoo City Hub Cervello - Biblioteca Municipal,Spain,open,0,4,0,0,1.9585925,41.3964186
426,Germany | Kißlegg | Labdoo Annahmestelle 88353 Kißlegg: APEG Automarkt im Allgäu GmbH,Germany,open,53,13,86,0,9.8828757,47.7911287
427,Spain | Sevilla | Labdoo Hub Sevilla - A3Satel,Spain,open,0,0,0,0,-5.9953403,37.3886303
428,Spain | L'Ametlla del Vallès | Labdoo City Hub  L'Ametlla del Vallès - Biblioteca Josep Badia i Moret,Spain,open,0,0,0,0,2.2614527,41.669334
429,Ecuador | SANGOLQUI | HUB SANGOLQUÍ - ECUADOR,Ecuador,open,0,0,0,0,-78.4368107,-0.39888
430,Germany | Darmstadt | Labdoo Annahmestelle 64293 Darmstadt: AMC Media Network GmbH & Co. KG.,Germany,open,0,1,20,0,8.651177,49.872775
431,Spain | Guissona | Labdoo Hub Guissona refugiats ucraïnians,Spain,open,63,14,49,0,1.289032,41.785242
433,Spain | Balaguer | Labdoo City Hub Balaguer - BIblioteca Margarida de Montferrat,Spain,open,0,0,0,0,0.8050711,41.7896408
434,Spain | Lliçà d'Amunt | Labdoo City Hub Lliçà d'Amunt - Biblioteca Ca l'Oliveres,Spain,open,0,0,0,0,2.2395108,41.6085173
435,Spain | Barcelona | Labdoo City Hub Barcelona - Biblioteca Montserrat Abelló,Spain,open,0,0,0,0,2.177073,41.3825802
436,Spain | Gavà | Labdoo City Hub Gavà Biblioteca Josep Soler i Vidal,Spain,open,0,0,0,0,2.0063126,41.3050933
437,Spain | Martorell | Labdoo City Hub Martorell  - Biblioteca de Martorell,Spain,open,0,0,0,0,1.9283971,41.4769177
438,Spain | Puig-reig | Labdoo City Hub Puig-Reig - Biblioteca Guillem de Berguedà,Spain,open,0,0,3,0,1.8775308,41.9735499
439,Spain | MANRESA | Manresa Hub Valldaura,Spain,open,0,0,0,0,1.8286765,41.7288939
440,Spain | El Vendrell | Labdoo City Hub El Vendrell Biblioteca Pública Terra baixa,Spain,open,0,0,0,0,1.5348566,41.2199677
441,Spain | Sant Hilari Sacalm | Labdoo City Hub Sant Hilari Sacalm - Biblioteca Soledat Ridaura i Feixas,Spain,open,0,0,0,0,2.5131751,41.8780822
442,Spain | Santa Bàrbara | Labdoo City Hub Santa Bàrbara - Biblioteca José Escudé de Santa Bàrbara,Spain,open,0,0,0,0,-119.702667,34.4221319
443,Spain | Ulldecona | Labdoo City Hub Ulldecona - Biblioteca Popular d'Ulldecona,Spain,open,0,0,0,0,0.4475376,40.5967567
444,Spain | Pineda de Mar | Labdoo City Hub Pineda Biblioteca M. Serra i Moret,Spain,open,0,0,0,0,2.6898707,41.6276807
445,Spain | Rubí | Labdoo City Hub Rubí - Biblioteca Mestre Martí Tauler,Spain,open,0,0,0,0,2.0319476,41.4936194
446,Spain | Santpedor | Labdoo City Hub Santpedor - Biblioteca Santpedor,Spain,open,0,0,0,0,1.8386882,41.7847594
447,Spain | Navàs | Labdoo City Hub Navàs - Biblioteca Navàs,Spain,open,0,0,0,0,1.8767736,41.8989233
448,Spain | Constantí | Labdoo City Hub Constantí - Biblioteca Municipal de Constantí,Spain,open,0,0,0,0,1.2151822,41.1528113
449,Spain | Terrassa | Labdoo City Hub Terrassa - Biblioteca Districte 2,Spain,open,0,0,0,0,2.0100492,41.5629623
450,Spain | Badia del Vallès | Labdoo City Hub Badia del Vallès - Biblioteca Vicente Aleixandre,Spain,open,0,0,0,0,2.1153773,41.5075702
451,Spain | Sant Feliu de Guíxols | Labdoo City Hub Guíxols - Biblioteca Pública Octavi Viader i Margarit,Spain,open,0,0,2,0,3.0283195,41.7838827
452,Spain | Tona | Labdoo City Hub Tona - Biblioteca Caterina Figueras,Spain,open,0,0,0,0,2.2280115,41.8538039
453,Spain | Gavà | Labdoo City Hub Gavà - Biblioteca Marian Colomé,Spain,open,0,0,0,0,2.0063126,41.3050933
454,Spain | Vila-rodona | Labdoo City Hub Vila-rodona - Biblioteca Municipal de Vila-rodona,Spain,open,0,0,0,0,1.3581489,41.3108464
455,Spain | Llorenç del Penedès | Labdoo City Hub Llorenç del Penedès - Biblioteca Municipal de Llorenç del Penedès,Spain,open,0,2,6,0,1.5533507,41.2831394
456,Spain | Terrassa | Labdoo City Hub Terrassa - Biblioteca Districte 5,Spain,open,0,0,1,0,2.0100492,41.5629623
457,"Germany | Mönchengladbach | Labdoo Annahmestelle 41068 Mönchengladbach: mags Mönchengladbacher Abfall-, Grün- und Straßenbetriebe AöR",Germany,open,0,0,43,0,6.4353792,51.1947131
458,Spain | Hostalric | Labdoo City Hub Hostalric - Biblioteca Modest Salse i Camarasa,Spain,open,0,1,0,0,2.6330963,41.7451889
459,Spain | Begues | Labdoo City Hub Begues - Biblioteca La Ginesta,Spain,open,0,0,0,0,1.925468,41.3328119
460,Spain | Deltebre | Labdoo City Hub Delta de l'Ebre - Biblioteca Delta de l'Ebre,Spain,open,0,0,0,0,0.7243445,40.7203938
461,Spain | Tremp | Labdoo City Hub Tremp - Biblioteca Maria Barbal,Spain,open,0,0,0,0,0.8950137,42.1669782
462,Spain | Torrevieja | Rotary Torrevieja,Spain,open,0,0,0,0,-0.6828446,37.9775416
463,Spain | Folgueroles | Labdoo HUB Folgueroles,Spain,open,0,0,0,0,2.3180742,41.9392868
464,Germany | Berlin | Labdoo Annahmestelle 13088 Berlin - Weißensee: Daniela Pilih,Germany,open,0,0,0,0,13.3951309,52.5173885
465,Germany | Markneukirchen | Labdoo Annahmestelle 08258 Markneukirchen: Angela Glaßl,Germany,open,0,0,1,0,12.3292151,50.311883
466,Spain | Terrassa | Labdoo City Hub Terrassa - Sant Pere,Spain,open,0,0,2,0,2.0100492,41.5629623
467,Spain | Barberà del Vallès | Labdoo City Hub Barberà del Vallès - Biblioteca Esteve Paluzie,Spain,open,0,0,0,0,2.1265942,41.5172534
468,Germany | Bad Schwartau | Labdoo Annahmestelle 23611 Bad Schwartau: Bernd Ziemens,Germany,open,49,0,45,4,10.6978692,53.9196435
469,Spain | Tortosa | Labdoo City Hub Tortosa - Biblioteca Marcel·lí Domingo,Spain,open,0,0,0,0,0.5209333,40.8110158
470,Spain | Sant Joan Despí  | Labdoo City Hub Sant Joan Despí - Biblioteca Mercè Rodoreda,Spain,open,0,0,0,0,2.0570346,41.3667951
471,Spain | Sabadell | Labdoo City Hub Sabadell - Biblioteca dels Safareigs,Spain,open,0,1,4,0,2.1083214,41.5460801
472,Germany | Mönchengladbach | Labdoo Annahmestelle 41068 Mönchengladbach: mags Wertstoffhof Heidgesberg,Germany,open,0,0,0,0,6.4353792,51.1947131
473,Germany | Mönchengladbach | Labdoo Annahmestelle 41068 Mönchengladbach: mags Wertstoffhof Luisental,Germany,open,0,0,0,0,6.4353792,51.1947131
474,Spain | Terrassa | Labdoo City Hub Terrassa - Biblioteca Districte 4,Spain,open,0,0,0,0,2.0100492,41.5629623
476,Spain | Manresa | Labdoo Hub Vic - Remei,Spain,open,0,0,0,0,1.8286765,41.7288939
477,Ireland | Limerick | NNIT IE Hub,Ireland,open,0,0,3,0,-8.6301239,52.661252
478,Spain | Badalona | Labdoo School Hub Institut La Pineda Badalona,Spain,open,6,42,7,0,2.248254,41.4493539
479,Spain | Esparreguera | Labdoo City Hub Esparreguera - Biblioteca Municipal L’Ateneu d’Esparreguera,Spain,open,0,0,0,0,1.8694549,41.5393249
480,Germany | Castrop-Rauxel | Labdoo Annahmestelle 44575 Castrop-Rauxel: Paracelsus Apotheke,Germany,open,0,0,5,0,7.3106175,51.5646195
481,Germany | Nürnberg | Labdoo Annahmestelle 90443 Nürnberg: AfB gGmbH Shop Nürnberg,Germany,open,0,0,101,0,11.077298,49.453872
482,Spain | Terrassa. | Labdoo City Hub Terrassa - Biblioteca Districte 3,Spain,open,0,0,1,0,2.0100492,41.5629623
483,Spain | Valencia | Labdoo Hub Red Bona Via,Spain,open,0,0,8,0,-0.3763353,39.4697065
484,Spain | SANT BOI DE LLOBREGAT | Labdoo Hub Rotary Club Gavà,Spain,open,0,0,0,0,2.0511278,41.3241016
485,Germany | Idstein | Labdoo Annahmestelle 65510 Idstein: FHI Flüchtlings- und Integrationshilfe Idstein e.V.,Germany,open,0,0,0,0,8.2902,50.2147
486,Germany | Magdeburg | Labdoo Annahmestelle 39104 Magdeburg: Mandala Kinderbetreuung gGmbH,Germany,open,0,1,12,0,11.6400789,52.1314783
487,Spain | Terrassa | Labdoo City Hub Terrassa - Biblioteca Central de Terrassa,Spain,open,0,5,26,0,2.0100492,41.5629623
488,Spain | Terrassa | Labdoo City Hub Terrassa - Biblioteca Districte 6,Spain,open,0,0,0,0,2.0100492,41.5629623
489,United States | Miami | Labdoo Hub Key Biscayne,United States,open,0,2,0,0,-80.1935973,25.7741566
490,Spain | Polinya | ONG ADAIC,Spain,open,0,0,0,0,2.1566544,41.5576041
491,Spain | Berga | AMALGAMA  7 - VALLDAURA,Spain,open,0,0,0,0,5.3259192,60.3943055
492,Spain | Barcelona | Labdoo Hub - Asociación de Amigos del Pueblo Marroquí ITRAN,Spain,open,17,0,23,0,2.177073,41.3825802
493,Spain | Terrassa | Labdoo Hub Terrassa - Institut Nicolau Copèrnic,Spain,open,0,1,16,0,2.0100492,41.5629623
494,Spain | Berga | Escola Vedruna Berga,Spain,open,0,0,0,0,5.3259192,60.3943055
495,Germany | Aachen | Labdoo Annahmestelle 52064 Aachen: Adrian Hamm,Germany,open,0,2,46,0,6.083862,50.776351
496,Germany | Dreieich | Labdoo Annahmestelle 63303 Dreieich: Luca Ricken,Germany,open,0,1,31,0,8.7123912,50.011974
497,Germany | Oberhausen | Labdoo Annahmestelle 46149 Oberhausen: Levius GbR Lieber & Ronden,Germany,open,0,0,3,0,6.8514435,51.4696137
498,Spain | San Pedro del Pinatar | Labdoo Hub Rotary Club Mar Menor San Javier,Spain,open,0,0,0,0,-0.7902428,37.833892
499,Germany | Konstanz | Labdoo Annahmestelle 78467 Konstanz: Constanze Riedinger,Germany,open,0,3,33,0,9.1750718,47.659216
500,Germany | Köln | Labdoo Annahmestelle 50825 Köln: Lukas Fiebig (Hub),Germany,open,0,1,33,0,6.959974,50.938361
501,Germany | Nürnberg | Labdoo Annahmestelle 90402 Nürnberg: Begegnungsstätte Marie15,Germany,open,0,3,7,0,11.077298,49.453872
502,Spain | Tremp | Labdoo School Hub Institut de Tremp,Spain,open,0,0,0,0,0.8950137,42.1669782
503,Spain | Vilanova del Camí | Labdoo City Hub Vilanova del Camí - Biblioteca de Vilanova del Camí,Spain,open,0,0,0,0,1.6361449,41.5714336
504,Spain | Barcelona | Labdoo School Hub Institut Tecnològic Barcelona ITB,Spain,open,0,2,12,0,2.177073,41.3825802
506,Switzerland | Schaffhausen | Annahmestelle 8200 Schaffhausen (SH),Switzerland,open,0,0,0,0,8.634513,47.6960491
507,Germany | Solingen | Labdoo Annahmestelle 42653 Solingen: Thomas Lunze,Germany,open,0,0,2,0,7.0845893,51.1721629
508,Germany | Altdorf | Labdoo Annahmestelle 90518 Altdorf,Germany,open,0,2,85,0,7.5271687,48.5229995
509,Germany | Wendlingen am Neckar | Labdoo Annahmestelle 73240 Wendlingen am Neckar: Familie Biebl,Germany,open,0,3,38,0,9.3838404,48.6727602
510,Germany | Friedberg | Labdoo Annahmestelle 61169 Friedberg: Umsonstladen Friedberg,Germany,open,0,0,0,0,8.747636,50.328272
511,Germany | Krefeld | Labdoo Annahmestelle 47829 Krefeld: Mirko Teichmeier,Germany,open,0,0,7,0,6.5623343,51.3331205
512,Switzerland | Winterthur | Annahmestelle 8406 Winterthur (ZH),Switzerland,open,0,0,0,0,8.7291498,47.4991723
513,Germany | Langenfeld | Labdoo Annahmestelle 40764 Langenfeld: D. Kremer,Germany,open,0,5,170,0,6.9459377,51.1008952
514,Germany | Oldenburg | Labdoo Annahmestelle 26135 Oldenburg: Jürgen Köthnig,Germany,open,0,6,17,0,8.2146017,53.1389753
515,Switzerland | Sax | Annahmestelle 9468 Sax (SG),Switzerland,open,0,0,0,0,-0.818913,38.5350323
516,Germany | Soest | Labdoo Annahmestelle 59494 Soest: Ihr Soester Computer-Assistent,Germany,open,0,0,55,0,8.1061259,51.5725501
517,Germany | Köln | Labdoo Annahmestelle 51143 Köln: Torsten Decker - Solibund e.V.,Germany,open,0,0,1,0,6.959974,50.938361
518,Germany | Beratzhausen | Labdoo Annahmestelle 93176 Beratzhausen: Bettina Laßleben - LETLIFERS for future e.V.,Germany,open,0,0,7,0,11.8072365,49.0958694
519,Germany | Würzburg | Labdoo Annahmestelle 97084 Würzburg: Thomas Barcatta - Mwanza e.V.,Germany,open,446,46,274,126,9.9434769,49.7780356
520,Germany | Moers | Labdoo Annahmestelle 47445 Moers: Jörg Jellissen,Germany,open,0,0,4,0,6.62843,51.451283
521,Germany | Wilnsdorf-Rödgen (b. Siegen) | Labdoo Annahmestelle 57234 Wilnsdorf (b. Siegen): Gerlinde Schönberg,Germany,open,0,2,14,0,0.0,0.0
522,Germany | Gomaringen | Labdoo Annahmestelle 72810 Gomaringen (Kreis Tübingen): Tim Schmid,Germany,open,0,14,77,0,9.0985587,48.4535917
523,Germany | Hamburg | Labdoo Annahmestelle 21035 Hamburg - Neuallermöhe,Germany,open,13,22,164,0,10.0013165,53.5501721
524,Germany | Lüdinghausen | Labdoo Annahmestelle 59348 Lüdinghausen: Heiko Günther-Ständker,Germany,open,1,1,31,0,7.444639,51.7717757
525,Germany | Kaiserslautern | Labdoo Annahmestelle 67663  Kaiserslautern: Hanny Hovenier,Germany,open,0,2,26,0,7.7689951,49.4432174
526,Germany | Karben | Labdoo Annahmestelle 61184 Karben: BBW  Berufsbildungswerk Südhessen gGmbH,Germany,open,0,2,117,0,8.7717673,50.2313417
527,Germany | Moers | Labdoo Annahmestelle 47443 Moers: Interkulturelles Nachbarschaftsnetzwerk 55plus (Hub),Germany,open,20,136,1632,0,6.62843,51.451283
528,"Germany | Mettmann | Labdoo Annahmestelle 40822 Mettmann: Kreis Mettmann, Regionales Bildungsbüro",Germany,open,0,5,23,0,6.9777778,51.2527778
529,Colombia | EL RETIRO | HUB LABORATORIO DEL ESPIRITU,Colombia,open,10,4,0,6,-75.502611,6.0572745
530,Germany | Hamburg Lemsahl Mellingstedt | Labdoo Annahmestelle 22397 Hamburg - Lemsahl Mellingstedt,Germany,open,29,30,156,0,10.0867,53.6811
531,Germany | Iserlohn | Labdoo Annahmestelle 58640 Iserlohn: Armin Cibulski  (Hub),Germany,open,0,1,142,0,7.6999713,51.3746778
532,Spain | Puigreig | Labdoo HUB Puigreig,Spain,open,0,0,0,0,1.7411795,41.6067621
533,Spain | ARTES | LABDOO HUB ARTES PER SIRIA,Spain,open,0,0,0,0,-0.6150029,43.4645781
534,Germany | Hamburg | Labdoo Annahmestelle 21075 Hamburg - Harburg,Germany,open,0,19,201,0,10.0013165,53.5501721
535,Germany | Oberhausen | Labdoo Annahmestelle 46149 Oberhausen: Sterkrader Gemeinschaftspraxis,Germany,open,0,0,13,0,6.8514435,51.4696137
536,Spain | Igualada | Institut Milà i Fontanals d'Igualada,Spain,open,25,19,17,0,1.617346,41.5790182
537,Germany | Münster | Labdoo Annahmestelle 48143 Münster: Stadtbücherei Münster,Germany,open,0,3,221,0,7.6251879,51.9625101
538,Germany | Merzalben | Labdoo Annahmestelle 66978 Merzalben: Stefan Diedenhöfer PC - Service,Germany,open,0,5,15,0,7.7307825,49.2445268
539,Germany | Wilhelmshaven | Labdoo Annahmestelle 26389 Wilhelmshaven,Germany,open,0,0,2,0,8.106301,53.5278793
540,Germany | Verden | Labdoo Annahmestelle 27283 Verden: Fa. Dittmers | Zonta-Club Verden,Germany,open,0,0,23,0,5.3867277,49.1589278
541,Germany | Verden | Labdoo Annahmestelle 27283 Verden: Regine Meyer-Bolte | Zonta-Club Verden,Germany,open,0,0,5,0,5.3867277,49.1589278
542,Germany | Dörverden | Labdoo Annahmestelle 27313 Dörverden: Renate v. Eickstedt-Bosse | Zonta-Club Verden,Germany,open,0,12,14,0,9.2299135,52.847207
543,Switzerland | Bern | Annahmestelle 3012 Bern (BE),Switzerland,open,0,0,0,0,7.4521749,46.9484742
544,Spain | Gironella | Hub Institut Gironella,Spain,open,0,0,0,0,1.8825316,42.0337588
545,Spain | BArcelona | HUB BCN COLOMBIA INNOVA,Spain,open,0,0,0,0,2.177073,41.3825802
546,Germany | Düsseldorf | Labdoo Annahmestelle 40215 Düsseldorf: Verbraucherzentrale NRW,Germany,open,0,0,8,0,6.7763137,51.2254018
547,Spain | Berga | LABDOO HUB Berguedà,Spain,open,0,0,9,0,5.3259192,60.3943055
548,Spain | BETERA | HUB Asoc. Esencia de África,Spain,open,0,0,0,0,-0.4622695,39.5917307
549,Germany | Bonn | Labdoo Annahmestelle 53127 Bonn: Heike Gollub,Germany,open,0,0,3,0,7.1024635,50.7352621
551,Germany | Bremen | Labdoo Annahmestelle 28199 Bremen Airport: Airport Shop der Werkstatt Bremen,Germany,open,0,0,1,0,8.8071646,53.0758196
552,Germany | Ganderkesee | Labdoo Annahmestelle 27777 Ganderkesse: GANTER Reisen,Germany,open,0,0,0,0,8.5451469,53.0344984
553,Germany | Lübeck | Labdoo Annahmestelle 23566 Lübeck: Patrick Nötling,Germany,open,0,0,0,0,10.684738,53.866444
554,Germany | Mülheim an der Ruhr | Labdoo Annahmestelle 45473 Mülheim an der Ruhr: MEG Mülheimer Entsorgungsgesellschaft mbH,Germany,open,0,0,1,0,6.8829192,51.4272925
555,Germany | Langenfeld | Labdoo Annahmestelle 40764 Langenfeld: Reparatur Café FIX & FERTIG,Germany,open,0,9,38,0,6.9459377,51.1008952
556,Germany | Bruchmühlbach-Miesau | Labdoo Annahmestelle 66892 Bruchmühlbach-Miesau: AWO Repair-Café MACH-BAR im Sportheim des FV Bruchmühlbach,Germany,open,0,0,4,0,7.4391678,49.3825183
557,Germany | Brakel | Labdoo Annahmestelle 33034 Brakel: Gesamtschule Brakel,Germany,open,0,0,0,0,9.1841762,51.7168889
558,Germany | Minden | Labdoo Annahmestelle 32425 Minden: Niko Dick,Germany,open,0,0,0,0,8.9168852,52.2881045
559,United States | Coto De Caza | Labdoo Hub Coto De Caza,United States,open,432,2,23,407,-117.5856235,33.6013399
560,Spain | A Coruña | Labdoo City Hub A Coruña,Spain,open,0,0,0,0,-8.3959425,43.3709703
561,Spain | Barcelona | Labdoo City Hub Barcelona - Biblioteca La Sagrera-Marina Clotet,Spain,open,0,0,1,0,2.177073,41.3825802
562,Spain | Avilés | Labdoo School Hub Avilés - CEIP Enrique Alonso,Spain,open,0,0,0,0,-5.9222466,43.5554436
563,Spain | Llançà | Labdoo School Hub Llançà - Institut de Llançà,Spain,open,4,0,11,0,3.1511804,42.3617316
564,Switzerland | Au | Annahmestelle 8804 Au (ZH),Switzerland,open,0,0,0,0,134.755,-24.7761086
565,Spain | Vilanova i la Geltrú | Labdoo School Hub Vilanova i la Geltrú - PFI Institut Joaquim Mir,Spain,open,0,0,0,0,1.7256327,41.2241992
566,Germany | Bad Nauheim | Labdoo Annahmestelle 61231 Bad Nauheim: Secondhand-Kaufhaus,Germany,open,0,0,0,0,8.7461314,50.40015
568,Spain | Tineo | Labdoo School Hub Tineo (Asturias) - IES Concejo de Tineo,Spain,open,0,0,3,0,-6.4165462,43.333974
569,Venezuela | Guanare | ALAS DE PAZ,Venezuela,open,8,0,0,8,-69.7412593,9.0407855
570,Germany | Heidelberg | Labdoo Annahmestelle 69123 Heidelberg: Nils Babion,Germany,open,0,0,17,0,8.694724,49.4093582
571,Spain | Ávila | IES Alonso Madrigal,Spain,open,8,0,3,5,-4.7002172,40.656478
572,Venezuela | Valencia | HUB SAN DIEGO,Venezuela,open,0,0,0,0,-0.3763353,39.4697065
573,Germany | Duisburg | Labdoo Annahmestelle 47119 Duisburg Ruhrort: Umweltlokal Ruhrort,Germany,open,0,1,2,0,6.759562,51.434999
574,Spain | Oviedo | Villafria,Spain,open,0,0,0,0,-5.8795096,43.3533452
575,Germany | Flensburg | Labdoo Annahmestelle 24941 Flensburg: Flensburger Bildungsverein / Tamer Coskun,Germany,open,0,0,0,0,9.4333264,54.7833021
576,Switzerland | Pratteln | Annahmestelle 4133 Pratteln (BL),Switzerland,open,0,0,0,0,7.6944741,47.5192013
578,Spain | Santa Margarida i els Monjos | Labdoo School Hub Santa Margarida i els Monjos - PFI Institut El Foix,Spain,open,0,0,0,0,1.6623519,41.3213389
579,Germany | Düsseldorf | Labdoo Annahmestelle 40225 Düsseldorf: Bürgerhaus Salzmannbau,Germany,open,0,0,0,0,6.7763137,51.2254018
580,Germany | Fischingen | Labdoo Annahmestelle 79592 Fischingen: Landhotel Tanne,Germany,open,0,0,0,0,7.5999972,47.650005
581,Spain | Igualada | Fundació UEA,Spain,open,0,7,0,0,1.617346,41.5790182
582,Germany | München | Labdoo Annahmestelle 81377 München: Hadern,Germany,open,18,13,45,0,11.5753822,48.1371079
583,Spain | Vilassar de Mar | Labdoo Hub Vilassar de Mar,Spain,open,207,29,70,108,2.3913883,41.5064041
584,Germany | Dummerstorf | Labdoo Annahmestelle 18196 Dummerstorf: Repair Café Dummerstorf,Germany,open,3,8,24,0,12.2281926,54.0131361
586,Spain | Sant Joan Vilatorrada | HUB Sant Joan,Spain,open,0,0,0,0,1.8028799,41.742277
587,Switzerland | Gais | Annahmestelle 9056 Gais (AR),Switzerland,open,0,0,0,0,11.9474837,46.8331565
589,Spain | Vilassar de Mar | Labdoo City Hub Vilassar de Mar - Biblioteca Ernest Lluch i Martin,Spain,open,0,0,2,0,2.3913883,41.5064041
590,Switzerland | Airolo | Annahmestelle 6780 Airolo (TI),Switzerland,open,0,0,0,0,8.6086045,46.5290309
591,Chile | Santiago de Chile | Hub empresa en Chile ,Chile,open,0,3,0,0,-70.6510671,-33.4376995
592,Spain | Vilafant | Labdoo School Hub Vilafant - Institut de Vilafant,Spain,open,0,0,0,0,2.9418008,42.2515266
593,Germany | München | Labdoo Annahmestelle 80939 München: Freimann,Germany,open,5,0,10,0,11.5753822,48.1371079
594,Mexico | Merida  | Universidad Autonoma de Yucatan,Mexico,open,0,0,0,0,-6.3443977,38.9174665
595,Spain | Granollers | CanJoanCoworking,Spain,open,0,0,1,0,2.2876008,41.6079555
596,Mexico | Jalisco | Labdoo HUB Guadalajara | La Minerva ,Mexico,open,0,0,0,0,-103.6666671,20.3333331
597,Germany | Namborn  | Labdoo Annahmestelle 66640 Namborn: Computer Service Czehak,Germany,open,0,0,0,0,7.1403438,49.5216883
598,Germany | Duisburg | Labdoo Annahmestelle 47053 Duisburg 47259: Recyclinghof Süd Wirtschaftsbetriebe Duisburg,Germany,open,0,0,0,0,6.759562,51.434999
599,Germany | Geeste | Labdoo Annahmestelle 49744 Geeste (Emsland): Michael Rieken,Germany,open,0,0,2,0,7.268098,52.6009773
600,Germany | Bad Laasphe | Labdoo Annahmestelle 57334 Bad Laasphe: F. Grebe,Germany,open,0,0,0,0,8.4123648,50.9271541
601,Germany | Hannover | Labdoo Annahmestelle 30449 Hannover: Erik Uden,Germany,open,0,0,0,0,9.7385532,52.3744779
602,Spain | Sant Martí Sarroca | Labdoo School Hub - Institut de l'Alt Foix,Spain,open,0,0,0,0,1.6108158,41.3854214
603,Germany | Berlin | Labdoo Annahmestelle 12489 Berlin: Dezhi Jacky Fu,Germany,open,0,1,3,0,13.3951309,52.5173885
604,Germany | Böblingen | Labdoo Annahmestelle 71034 Böblingen: HP Deutschland GmbH,Germany,open,0,5,11,0,9.0113444,48.684969
605,Germany | Eschborn | Labdoo Annahmestelle 65760 Eschborn: HP Deutschland GmbH,Germany,open,0,0,3,0,8.5607767,50.1504737
606,Spain | Ripoll | Labdoo City Hub Ripoll - Biblioteca Lambert Mata,Spain,open,0,0,0,0,2.1932496,42.1982391
607,Germany | Mainz | Labdoo Annahmestelle 55131 Mainz: Filip Bugajski,Germany,open,0,0,0,0,8.2736253,49.9995205
608,Germany | Hude | Labdoo Annahmestelle 27798 Hude: Repair Café Hude,Germany,open,0,4,4,0,9.2148137,54.3880564
609,Germany | Waghäusel-Wiesental | Labdoo Annahmestelle 68753 Waghäusel-Wiesental: AfB gGmbH Shop Waghäusel-Wiesental,Germany,open,0,0,0,0,8.5224505,49.2246438
610,Spain | Reus | Hub Reus,Spain,open,0,0,0,0,1.1076133,41.1555564
611,Germany | Beilngries | Labdoo Annahmestelle 92339 Beilngries: Reparatur Initiative Beilngries,Germany,open,20,4,3,13,11.473829,49.0351602
612,Spain | Manresa | Manresa - Esparraguera,Spain,open,0,0,0,0,1.8286765,41.7288939
613,Spain | Manresa | Manresa - Esparraguera,Spain,open,0,0,0,0,1.8286765,41.7288939
614,Germany | Hennef | Labdoo Annahmestelle 53773 Hennef: Furbyte,Germany,open,0,0,0,0,7.2847945,50.7754417
615,Spain | Calafell | Biblioteca pública Casa Nova de Segur de Calafell,Spain,open,0,0,0,0,1.5687244,41.2009871
616,Spain | Madrid | Red de Bibliotecas Públicas Madrid,Spain,open,0,0,0,0,-3.703507,40.416782
617,Spain | Madrid | Biblioteca Pública Luis Rosales,Spain,open,0,7,0,0,-3.703507,40.416782
618,Spain | Madrid | Biblioteca Pública Elena Fortún,Spain,open,0,0,0,0,-3.703507,40.416782
619,Spain | Cunit | Labdoo City Hub Cunit - Biblioteca Municipal Marta Mata,Spain,open,0,0,0,0,1.6344596,41.197596
620,Germany | Dülmen | Labdoo Annahmestelle 48249 Dülmen: Mierisch EDV,Germany,open,0,0,1,0,7.2791406,51.8283677
621,Germany | Krefeld | Labdoo Annahmestelle 47809 Krefeld: GSAK,Germany,open,0,1,1,0,6.5623343,51.3331205
622,Germany | Kaiserslautern | Labdoo Annahmestelle 67655 Kaiserslautern: 42Kaiserslautern gGmbH,Germany,open,0,0,0,0,7.7689951,49.4432174
623,Germany | Senden | Labdoo Annahmestelle 48308 Senden: Siegfried Kohlschein,Germany,open,0,1,0,0,10.0471189,48.3251884
624,Kenya | Kakuma | Labdoo Hub CASE/ Kakuma Refugee Camp/ Kenya,Kenya,open,0,0,0,0,10.1974008,10.6300096
625,United States |  Lake Elsinore | Nurturing Purpose Labdoo Hub,United States,open,179,28,0,151,-117.3272615,33.6680772
626,Germany | Stuttgart | Labdoo Annahmestelle 70186 Stuttgart: Anton Mech,Germany,open,25,3,0,22,9.1800132,48.7784485
627,"Germany | Heppenheim | Labdoo Annahmestelle 64646 Heppenheim: AWZ Heppenheim, Wertstoffhof des ZAKB ",Germany,open,0,0,0,0,8.66768,49.64999
628,Germany | Kamp-Linfort | Labdoo Annahmestelle 47475 Kamp-Lintfort: Abfall- und Energiezentrum (AEZ) Asdonkshof,Germany,open,0,3,2,0,0.0,0.0
629,Germany | Crailsheim | Labdoo Annahmestelle 74564 Crailsheim:  Alla Bakhmisova / Stärke der Einheit e.V.,Germany,open,15,0,15,0,10.0720195,49.1365626
630,"Germany | Mettmann | Labdoo Annahmestelle 40822 Mettmann: Kreis Mettmann, Abfallberatung",Germany,open,0,5,0,0,6.9777778,51.2527778
631,Germany | Velbert | Labdoo Annahmestelle 42549 Velbert: Julien Ettel,Germany,open,0,0,0,0,7.0439912,51.3406713
632,Spain | Madrid | Labdoo.org (Madrid),Spain,open,0,0,0,0,-3.703507,40.416782
633,United States | Irvine | Saddleback Church Hub - Irvine North Campus,United States,open,0,0,0,0,-117.825981,33.6856969
634,Spain | Arrefice | CIFP Zonzamas. Reutiliza y Conecta,Spain,open,0,0,0,0,-66.5617848,8.6783121
635,Switzerland | Le Mont-sur-Lausanne | Annahmestelle 1052 Le Mont-sur-Lausanne (VD),Switzerland,open,0,0,0,0,6.6354534,46.5530996
636,Germany | Langenzenn | Labdoo Annahmestelle 90579 Langenzenn: Euronics Jakob e.K.,Germany,open,0,0,0,0,10.7948937,49.4946086
